case_id,title,severity,record_type,status,source_name,project,vulnerability_class,impact,cvss,reward_amount,reward_currency,disclosed,evidence_level,sources,notes
SCF-0001,RocketNodeDistributorDelegate - Reentrancy in `distribute()` allows node owner to drain distributor funds,Critical,audit_finding,candidate,Smart Contract VulnDB,/diligence/audits/2023/01/rocket-pool-atlas-v1.2/,,,,,,,secondary,https://consensys.net//diligence/audits/2023/01/rocket-pool-atlas-v1.2/,Critical finding imported as metadata; review original source before promotion.
SCF-0002,didTransferShares function has no access control modifier,Critical,audit_finding,candidate,Smart Contract VulnDB,/diligence/audits/2022/11/forta-delegated-staking/,,,,,,,secondary,https://consensys.net//diligence/audits/2022/11/forta-delegated-staking/,Critical finding imported as metadata; review original source before promotion.
SCF-0003,The `Hypervisor.deposit` function does not check the `msg.sender`,Critical,audit_finding,candidate,Smart Contract VulnDB,/diligence/audits/2022/02/gamma/,,,,,,,secondary,https://consensys.net//diligence/audits/2022/02/gamma/,Critical finding imported as metadata; review original source before promotion.
SCF-0004,TransactionManager - User might steal router's locked funds,Critical,audit_finding,candidate,Smart Contract VulnDB,/diligence/audits/2021/07/connext-nxtp-noncustodial-xchain-transfer-protocol/,,,,,,,secondary,https://consensys.net//diligence/audits/2021/07/connext-nxtp-noncustodial-xchain-transfer-protocol/,Critical finding imported as metadata; review original source before promotion.
SCF-0005,TribalChief - A wrong `user.rewardDebt`  value is calculated during the `withdrawFromDeposit` function call,Critical,audit_finding,candidate,Smart Contract VulnDB,/diligence/audits/2021/07/fei-tribechief/,,,,,,,secondary,https://consensys.net//diligence/audits/2021/07/fei-tribechief/,Critical finding imported as metadata; review original source before promotion.
SCF-0006,Yearn: Re-entrancy attack during deposit,Critical,audit_finding,candidate,Smart Contract VulnDB,/diligence/audits/2021/05/pooltogether-sushi-and-yearn-v2-yield-sources/,,,,,,,secondary,https://consensys.net//diligence/audits/2021/05/pooltogether-sushi-and-yearn-v2-yield-sources/,Critical finding imported as metadata; review original source before promotion.
SCF-0007,zNS - Domain bid might be approved by non owner account,Critical,audit_finding,candidate,Smart Contract VulnDB,/diligence/audits/2021/05/zer0-zns/,,,,,,,secondary,https://consensys.net//diligence/audits/2021/05/zer0-zns/,Critical finding imported as metadata; review original source before promotion.
SCF-0008,RocketDaoNodeTrusted - DAO takeover during deployment/bootstrapping,Critical,audit_finding,candidate,Smart Contract VulnDB,/diligence/audits/2021/04/rocketpool/,,,,,,,secondary,https://consensys.net//diligence/audits/2021/04/rocketpool/,Critical finding imported as metadata; review original source before promotion.
SCF-0009,RocketTokenRETH - sandwiching opportunity on price updates,Critical,audit_finding,candidate,Smart Contract VulnDB,/diligence/audits/2021/04/rocketpool/,,,,,,,secondary,https://consensys.net//diligence/audits/2021/04/rocketpool/,Critical finding imported as metadata; review original source before promotion.
SCF-0010,RocketDaoNodeTrustedActions - Incomplete implementation of member challenge process,Critical,audit_finding,candidate,Smart Contract VulnDB,/diligence/audits/2021/04/rocketpool/,,,,,,,secondary,https://consensys.net//diligence/audits/2021/04/rocketpool/,Critical finding imported as metadata; review original source before promotion.
SCF-0011,"RocketDAOProtocolSettings/RocketDAONodeTrustedSettings - anyone can set/overwrite settings until contract is declared ""deployed""",Critical,audit_finding,candidate,Smart Contract VulnDB,/diligence/audits/2021/04/rocketpool/,,,,,,,secondary,https://consensys.net//diligence/audits/2021/04/rocketpool/,Critical finding imported as metadata; review original source before promotion.
SCF-0012,RocketStorage - anyone can set/update values before the contract is initialized,Critical,audit_finding,candidate,Smart Contract VulnDB,/diligence/audits/2021/04/rocketpool/,,,,,,,secondary,https://consensys.net//diligence/audits/2021/04/rocketpool/,Critical finding imported as metadata; review original source before promotion.
SCF-0013,Winning pods can be frontrun with large deposits,Critical,audit_finding,candidate,Smart Contract VulnDB,/diligence/audits/2021/03/pooltogether-pods/,,,,,,,secondary,https://consensys.net//diligence/audits/2021/03/pooltogether-pods/,Critical finding imported as metadata; review original source before promotion.
SCF-0014,Token transfers may return `false`,Critical,audit_finding,candidate,Smart Contract VulnDB,/diligence/audits/2021/03/pooltogether-pods/,,,,,,,secondary,https://consensys.net//diligence/audits/2021/03/pooltogether-pods/,Critical finding imported as metadata; review original source before promotion.
SCF-0015,`TokenDrop`: Unprotected `initialize()` function,Critical,audit_finding,candidate,Smart Contract VulnDB,/diligence/audits/2021/03/pooltogether-pods/,,,,,,,secondary,https://consensys.net//diligence/audits/2021/03/pooltogether-pods/,Critical finding imported as metadata; review original source before promotion.
SCF-0016,Pod: Re-entrancy during deposit or withdrawal can lead to stealing funds,Critical,audit_finding,candidate,Smart Contract VulnDB,/diligence/audits/2021/03/pooltogether-pods/,,,,,,,secondary,https://consensys.net//diligence/audits/2021/03/pooltogether-pods/,Critical finding imported as metadata; review original source before promotion.
SCF-0017,Random task execution,Critical,audit_finding,candidate,Smart Contract VulnDB,/diligence/audits/2021/03/defi-saver/,,,,,,,secondary,https://consensys.net//diligence/audits/2021/03/defi-saver/,Critical finding imported as metadata; review original source before promotion.
SCF-0018,Anyone can win all the funds from the `LiquidityMining` without investing any DAI,Critical,audit_finding,candidate,Smart Contract VulnDB,/diligence/audits/2021/03/bridge-mutual/,,,,,,,secondary,https://consensys.net//diligence/audits/2021/03/bridge-mutual/,Critical finding imported as metadata; review original source before promotion.
SCF-0019,Anyone is able to mint NFTs by calling `mintNFTsForLM`,Critical,audit_finding,candidate,Smart Contract VulnDB,/diligence/audits/2021/03/bridge-mutual/,,,,,,,secondary,https://consensys.net//diligence/audits/2021/03/bridge-mutual/,Critical finding imported as metadata; review original source before promotion.
SCF-0020,Liquidity providers can create deficit of DAI tokens,Critical,audit_finding,candidate,Smart Contract VulnDB,/diligence/audits/2021/03/bridge-mutual/,,,,,,,secondary,https://consensys.net//diligence/audits/2021/03/bridge-mutual/,Critical finding imported as metadata; review original source before promotion.
SCF-0021,Profit and loss distribution mechanism is not working,Critical,audit_finding,candidate,Smart Contract VulnDB,/diligence/audits/2021/03/bridge-mutual/,,,,,,,secondary,https://consensys.net//diligence/audits/2021/03/bridge-mutual/,Critical finding imported as metadata; review original source before promotion.
SCF-0022,A liquidity provider can withdraw all his funds anytime,Critical,audit_finding,candidate,Smart Contract VulnDB,/diligence/audits/2021/03/bridge-mutual/,,,,,,,secondary,https://consensys.net//diligence/audits/2021/03/bridge-mutual/,Critical finding imported as metadata; review original source before promotion.
SCF-0023,Re-entrancy issue for ERC1155,Critical,audit_finding,candidate,Smart Contract VulnDB,/diligence/audits/2021/03/bridge-mutual/,,,,,,,secondary,https://consensys.net//diligence/audits/2021/03/bridge-mutual/,Critical finding imported as metadata; review original source before promotion.
SCF-0024,The `buyPolicyFor`/`addLiquidityFor` should transfer funds from `msg.sender`,Critical,audit_finding,candidate,Smart Contract VulnDB,/diligence/audits/2021/03/bridge-mutual/,,,,,,,secondary,https://consensys.net//diligence/audits/2021/03/bridge-mutual/,Critical finding imported as metadata; review original source before promotion.
SCF-0025,Token approvals can be stolen in `DAOfiV1Router01.addLiquidity()`,Critical,audit_finding,candidate,Smart Contract VulnDB,/diligence/audits/2021/02/daofi/,,,,,,,secondary,https://consensys.net//diligence/audits/2021/02/daofi/,Critical finding imported as metadata; review original source before promotion.
SCF-0026,The deposit of a new pair can be stolen,Critical,audit_finding,candidate,Smart Contract VulnDB,/diligence/audits/2021/02/daofi/,,,,,,,secondary,https://consensys.net//diligence/audits/2021/02/daofi/,Critical finding imported as metadata; review original source before promotion.
SCF-0027,Users can withdraw their funds immediately when they are over-leveraged,Critical,audit_finding,candidate,Smart Contract VulnDB,/diligence/audits/2021/02/definer/,,,,,,,secondary,https://consensys.net//diligence/audits/2021/02/definer/,Critical finding imported as metadata; review original source before promotion.
SCF-0028,`GenesisGroup.commit` overwrites previously-committed values,Critical,audit_finding,candidate,Smart Contract VulnDB,/diligence/audits/2021/01/fei-protocol/,,,,,,,secondary,https://consensys.net//diligence/audits/2021/01/fei-protocol/,Critical finding imported as metadata; review original source before promotion.
SCF-0029,Purchasing and committing still possible after launch,Critical,audit_finding,candidate,Smart Contract VulnDB,/diligence/audits/2021/01/fei-protocol/,,,,,,,secondary,https://consensys.net//diligence/audits/2021/01/fei-protocol/,Critical finding imported as metadata; review original source before promotion.
SCF-0030,[Out of Scope] ReferralFeeReceiver - anyone can steal all the funds that belong to ReferralFeeReceiver,Critical,audit_finding,candidate,Smart Contract VulnDB,/diligence/audits/2020/12/1inch-liquidity-protocol/,,,,,,,secondary,https://consensys.net//diligence/audits/2020/12/1inch-liquidity-protocol/,Critical finding imported as metadata; review original source before promotion.
SCF-0031,GovernanceMothership - `notifyFor` allows to arbitrarily create new or override other users stake in governance modules,Critical,audit_finding,candidate,Smart Contract VulnDB,/diligence/audits/2020/12/1inch-liquidity-protocol/,,,,,,,secondary,https://consensys.net//diligence/audits/2020/12/1inch-liquidity-protocol/,Critical finding imported as metadata; review original source before promotion.
SCF-0032,PeriodicPrizeStrategy - RNG failure can lock user funds,Critical,audit_finding,candidate,Smart Contract VulnDB,/diligence/audits/2020/11/pooltogether-lootbox-and-multiplewinners-strategy/,,,,,,,secondary,https://consensys.net//diligence/audits/2020/11/pooltogether-lootbox-and-multiplewinners-strategy/,Critical finding imported as metadata; review original source before promotion.
SCF-0033,LootBox - Unprotected selfdestruct in proxy implementation,Critical,audit_finding,candidate,Smart Contract VulnDB,/diligence/audits/2020/11/pooltogether-lootbox-and-multiplewinners-strategy/,,,,,,,secondary,https://consensys.net//diligence/audits/2020/11/pooltogether-lootbox-and-multiplewinners-strategy/,Critical finding imported as metadata; review original source before promotion.
SCF-0034,Owners can never be removed,Critical,audit_finding,candidate,Smart Contract VulnDB,/diligence/audits/2020/11/paxos/,,,,,,,secondary,https://consensys.net//diligence/audits/2020/11/paxos/,Critical finding imported as metadata; review original source before promotion.
SCF-0035,Oracle updates can be manipulated to perform atomic front-running attack,Critical,audit_finding,candidate,Smart Contract VulnDB,/diligence/audits/2020/06/bancor-v2-amm-security-audit/,,,,,,,secondary,https://consensys.net//diligence/audits/2020/06/bancor-v2-amm-security-audit/,Critical finding imported as metadata; review original source before promotion.
SCF-0036,`ERC1400ERC20` whitelist circumvents partition restrictions,Critical,audit_finding,candidate,Smart Contract VulnDB,/diligence/audits/2020/06/codefi-erc1400-assessment/,,,,,,,secondary,https://consensys.net//diligence/audits/2020/06/codefi-erc1400-assessment/,Critical finding imported as metadata; review original source before promotion.
SCF-0037,Certificate controllers do not always constrain the last argument,Critical,audit_finding,candidate,Smart Contract VulnDB,/diligence/audits/2020/06/codefi-erc1400-assessment/,,,,,,,secondary,https://consensys.net//diligence/audits/2020/06/codefi-erc1400-assessment/,Critical finding imported as metadata; review original source before promotion.
SCF-0038,Salt-based certificate controller is subject to signature replay,Critical,audit_finding,candidate,Smart Contract VulnDB,/diligence/audits/2020/06/codefi-erc1400-assessment/,,,,,,,secondary,https://consensys.net//diligence/audits/2020/06/codefi-erc1400-assessment/,Critical finding imported as metadata; review original source before promotion.
SCF-0039,A reverting fallback function will lock up all payouts,Critical,audit_finding,candidate,Smart Contract VulnDB,/diligence/audits/2020/05/lien-protocol/,,,,,,,secondary,https://consensys.net//diligence/audits/2020/05/lien-protocol/,Critical finding imported as metadata; review original source before promotion.
SCF-0040,Exchange - CancelOrder has no effect,Critical,audit_finding,candidate,Smart Contract VulnDB,/diligence/audits/2020/05/mcdex-mai-protocol-v2/,,,,,,,secondary,https://consensys.net//diligence/audits/2020/05/mcdex-mai-protocol-v2/,Critical finding imported as metadata; review original source before promotion.
SCF-0041,CPM token price is susceptible to manipulation,Critical,audit_finding,candidate,Smart Contract VulnDB,/diligence/audits/2020/05/aave-cpm-price-provider/,,,,,,,secondary,https://consensys.net//diligence/audits/2020/05/aave-cpm-price-provider/,Critical finding imported as metadata; review original source before promotion.
SCF-0042,`TokenStaking.recoverStake` allows instant stake undelegation,Critical,audit_finding,candidate,Smart Contract VulnDB,/diligence/audits/2020/02/thesis-tbtc-and-keep/,,,,,,,secondary,https://consensys.net//diligence/audits/2020/02/thesis-tbtc-and-keep/,Critical finding imported as metadata; review original source before promotion.
SCF-0043,Improper length validation in BLS signature library allows RNG manipulation,Critical,audit_finding,candidate,Smart Contract VulnDB,/diligence/audits/2020/02/thesis-tbtc-and-keep/,,,,,,,secondary,https://consensys.net//diligence/audits/2020/02/thesis-tbtc-and-keep/,Critical finding imported as metadata; review original source before promotion.
SCF-0044,"tbtc - the tecdsa keep is never closed, signer bonds are not released",Critical,audit_finding,candidate,Smart Contract VulnDB,/diligence/audits/2020/02/thesis-tbtc-and-keep/,,,,,,,secondary,https://consensys.net//diligence/audits/2020/02/thesis-tbtc-and-keep/,Critical finding imported as metadata; review original source before promotion.
SCF-0045,tbtc - No access control in `TBTCSystem.requestNewKeep`,Critical,audit_finding,candidate,Smart Contract VulnDB,/diligence/audits/2020/02/thesis-tbtc-and-keep/,,,,,,,secondary,https://consensys.net//diligence/audits/2020/02/thesis-tbtc-and-keep/,Critical finding imported as metadata; review original source before promotion.
SCF-0046,Users can burn delegated tokens using re-entrancy attack,Critical,audit_finding,candidate,Smart Contract VulnDB,/diligence/audits/2020/01/skale-token/,,,,,,,secondary,https://consensys.net//diligence/audits/2020/01/skale-token/,Critical finding imported as metadata; review original source before promotion.
SCF-0047,`uint` overflow may lead to stealing funds,Critical,audit_finding,candidate,Smart Contract VulnDB,/diligence/audits/2020/01/skale-token/,,,,,,,secondary,https://consensys.net//diligence/audits/2020/01/skale-token/,Critical finding imported as metadata; review original source before promotion.
SCF-0048,`Merkle.checkMembership` allows existence proofs for the same leaf in multiple locations in the tree,Critical,audit_finding,candidate,Smart Contract VulnDB,/diligence/audits/2020/01/omisego-morevp/,,,,,,,secondary,https://consensys.net//diligence/audits/2020/01/omisego-morevp/,Critical finding imported as metadata; review original source before promotion.
SCF-0049,`safeRagequit` makes you lose funds,Critical,audit_finding,candidate,Smart Contract VulnDB,/diligence/audits/2020/01/the-lao/,,,,,,,secondary,https://consensys.net//diligence/audits/2020/01/the-lao/,Critical finding imported as metadata; review original source before promotion.
SCF-0050,Creating proposal is not trustless,Critical,audit_finding,candidate,Smart Contract VulnDB,/diligence/audits/2020/01/the-lao/,,,,,,,secondary,https://consensys.net//diligence/audits/2020/01/the-lao/,Critical finding imported as metadata; review original source before promotion.
SCF-0051,Emergency processing can be blocked,Critical,audit_finding,candidate,Smart Contract VulnDB,/diligence/audits/2020/01/the-lao/,,,,,,,secondary,https://consensys.net//diligence/audits/2020/01/the-lao/,Critical finding imported as metadata; review original source before promotion.
SCF-0052,`TimeLock` spam prevention can be bypassed,Critical,audit_finding,candidate,Smart Contract VulnDB,/diligence/audits/2019/12/dandelion-organizations/,,,,,,,secondary,https://consensys.net//diligence/audits/2019/12/dandelion-organizations/,Critical finding imported as metadata; review original source before promotion.
SCF-0053,FAIR can be stolen using ERC-777 hooks,Critical,audit_finding,candidate,Smart Contract VulnDB,/diligence/audits/2019/11/fairmint-continuous-securities-offering/,,,,,,,secondary,https://consensys.net//diligence/audits/2019/11/fairmint-continuous-securities-offering/,Critical finding imported as metadata; review original source before promotion.
SCF-0054,Staking node can be inappropriately removed from the tree,Critical,audit_finding,candidate,Smart Contract VulnDB,/diligence/audits/2019/11/orchid-network-protocol/,,,,,,,secondary,https://consensys.net//diligence/audits/2019/11/orchid-network-protocol/,Critical finding imported as metadata; review original source before promotion.
SCF-0055,in3-server - amplified DDoS on incubed requests on proof with signature,Critical,audit_finding,candidate,Smart Contract VulnDB,/diligence/audits/2019/09/slock.it-incubed3/,,,,,,,secondary,https://consensys.net//diligence/audits/2019/09/slock.it-incubed3/,Critical finding imported as metadata; review original source before promotion.
SCF-0056,BlockProof - Node conviction race condition may trick all but one node into losing funds,Critical,audit_finding,candidate,Smart Contract VulnDB,/diligence/audits/2019/09/slock.it-incubed3/,,,,,,,secondary,https://consensys.net//diligence/audits/2019/09/slock.it-incubed3/,Critical finding imported as metadata; review original source before promotion.
SCF-0057,`NodeRegistry` Front-running attack on `convict()`,Critical,audit_finding,candidate,Smart Contract VulnDB,/diligence/audits/2019/09/slock.it-incubed3/,,,,,,,secondary,https://consensys.net//diligence/audits/2019/09/slock.it-incubed3/,Critical finding imported as metadata; review original source before promotion.
SCF-0058,Memory corruption in `Buffer`,Critical,audit_finding,candidate,Smart Contract VulnDB,/diligence/audits/2019/03/ens-permanent-registrar/,,,,,,,secondary,https://consensys.net//diligence/audits/2019/03/ens-permanent-registrar/,Critical finding imported as metadata; review original source before promotion.
SCF-0059,`SimplePriceOracle.price` is susceptible to integer overflow,Critical,audit_finding,candidate,Smart Contract VulnDB,/diligence/audits/2019/03/ens-permanent-registrar/,,,,,,,secondary,https://consensys.net//diligence/audits/2019/03/ens-permanent-registrar/,Critical finding imported as metadata; review original source before promotion.
SCF-0060,`ETHRegistrarController.register` is vulnerable to front running,Critical,audit_finding,candidate,Smart Contract VulnDB,/diligence/audits/2019/03/ens-permanent-registrar/,,,,,,,secondary,https://consensys.net//diligence/audits/2019/03/ens-permanent-registrar/,Critical finding imported as metadata; review original source before promotion.
SCF-0061,FlasherFTM - Unsolicited invocation of the callback (CREAM auth bypass),Critical,audit_finding,candidate,Smart Contract VulnDB,/diligence/audits/2022/03/fuji-protocol/,,,,,,,secondary,https://consensys.net//diligence/audits/2022/03/fuji-protocol/,Critical finding imported as metadata; review original source before promotion.
SCF-0062,Incorrect Final Block Number Can Be Finalized,Critical,audit_finding,candidate,Smart Contract VulnDB,/diligence/audits/2024/01/linea-contracts-update/,,,,,,,secondary,https://consensys.net//diligence/audits/2024/01/linea-contracts-update/,Critical finding imported as metadata; review original source before promotion.
SCF-0063,Finalization Fails for the First Batch of Data Submitted After Migration to the Updated Contract,Critical,audit_finding,candidate,Smart Contract VulnDB,/diligence/audits/2024/01/linea-contracts-update/,,,,,,,secondary,https://consensys.net//diligence/audits/2024/01/linea-contracts-update/,Critical finding imported as metadata; review original source before promotion.
SCF-0064,An Attacker Can Flood the Support by Creating Many Tickets for Arbitrary Addresses,Critical,audit_finding,candidate,Smart Contract VulnDB,/diligence/audits/2023/12/web3-tickets/,,,,,,,secondary,https://consensys.net//diligence/audits/2023/12/web3-tickets/,Critical finding imported as metadata; review original source before promotion.
SCF-0065,Broken Authorization Scheme,Critical,audit_finding,candidate,Smart Contract VulnDB,/diligence/audits/2023/12/web3-tickets/,,,,,,,secondary,https://consensys.net//diligence/audits/2023/12/web3-tickets/,Critical finding imported as metadata; review original source before promotion.
SCF-0066,Any Website Connected to the Snap Can Access the Address and API Key and Impersonate the User,Critical,audit_finding,candidate,Smart Contract VulnDB,/diligence/audits/2023/12/web3-tickets/,,,,,,,secondary,https://consensys.net//diligence/audits/2023/12/web3-tickets/,Critical finding imported as metadata; review original source before promotion.
SCF-0067,Markdown and Control Character Injection,Critical,audit_finding,candidate,Smart Contract VulnDB,/diligence/audits/2023/08/metamask/partner-snaps-filsnap/,,,,,,,secondary,https://consensys.net//diligence/audits/2023/08/metamask/partner-snaps-filsnap/,Critical finding imported as metadata; review original source before promotion.
SCF-0068,Directly Exposed Private Key Export,Critical,audit_finding,candidate,Smart Contract VulnDB,/diligence/audits/2023/08/metamask/partner-snaps-filsnap/,,,,,,,secondary,https://consensys.net//diligence/audits/2023/08/metamask/partner-snaps-filsnap/,Critical finding imported as metadata; review original source before promotion.
SCF-0069,RPC `eth_signMessage` Allows Linked Dapps to Sign Messages With Any Wallet Account and W/O Explicit User Consent,Critical,audit_finding,candidate,Smart Contract VulnDB,/diligence/audits/2023/07/metamask/partner-snaps-shapeshift-snap/,,,,,,,secondary,https://consensys.net//diligence/audits/2023/07/metamask/partner-snaps-shapeshift-snap/,Critical finding imported as metadata; review original source before promotion.
SCF-0070,Bridge Token Would Be Locked and Cannot Bridge to Native Token,Critical,audit_finding,candidate,Smart Contract VulnDB,/diligence/audits/2023/06/linea-canonical-token-bridge/,,,,,,,secondary,https://consensys.net//diligence/audits/2023/06/linea-canonical-token-bridge/,Critical finding imported as metadata; review original source before promotion.
SCF-0071,No Proper Trusted Setup,Critical,audit_finding,candidate,Smart Contract VulnDB,/diligence/audits/2023/06/linea-plonk-verifier/,,,,,,,secondary,https://consensys.net//diligence/audits/2023/06/linea-plonk-verifier/,Critical finding imported as metadata; review original source before promotion.
SCF-0072,Broken Lagrange Polynomial Evaluation at Zeta,Critical,audit_finding,candidate,Smart Contract VulnDB,/diligence/audits/2023/06/linea-plonk-verifier/,,,,,,,secondary,https://consensys.net//diligence/audits/2023/06/linea-plonk-verifier/,Critical finding imported as metadata; review original source before promotion.
SCF-0073,Broken Logic for Modular Multiplicative Inverse,Critical,audit_finding,candidate,Smart Contract VulnDB,/diligence/audits/2023/06/linea-plonk-verifier/,,,,,,,secondary,https://consensys.net//diligence/audits/2023/06/linea-plonk-verifier/,Critical finding imported as metadata; review original source before promotion.
SCF-0074,Missing Verifying Paring Check Result,Critical,audit_finding,candidate,Smart Contract VulnDB,/diligence/audits/2023/06/linea-plonk-verifier/,,,,,,,secondary,https://consensys.net//diligence/audits/2023/06/linea-plonk-verifier/,Critical finding imported as metadata; review original source before promotion.
SCF-0075,"Gas Greifing and Missing Return Status Check for `staticcall`(s), May Lead to Unexpected Outcomes",Critical,audit_finding,candidate,Smart Contract VulnDB,/diligence/audits/2023/06/linea-plonk-verifier/,,,,,,,secondary,https://consensys.net//diligence/audits/2023/06/linea-plonk-verifier/,Critical finding imported as metadata; review original source before promotion.
SCF-0076,`addPremium` – A Back Runner May Cause an Insurance Holder to Lose Their Refunds by Calling `addPremium` Right After the Original Call,Critical,audit_finding,candidate,Smart Contract VulnDB,/diligence/audits/2023/05/tidal/,,,,,,,secondary,https://consensys.net//diligence/audits/2023/05/tidal/,Critical finding imported as metadata; review original source before promotion.
SCF-0077,`refund` – Attacker Can Lock Insurance Holder's Refunds by Calling `refund` Before a Refund Was Allocated,Critical,audit_finding,candidate,Smart Contract VulnDB,/diligence/audits/2023/05/tidal/,,,,,,,secondary,https://consensys.net//diligence/audits/2023/05/tidal/,Critical finding imported as metadata; review original source before promotion.
SCF-0078,"`addTidal`, `_updateUserTidal`, `withdrawTidal` – Wrong Arithmetic Calculations",Critical,audit_finding,candidate,Smart Contract VulnDB,/diligence/audits/2023/05/tidal/,,,,,,,secondary,https://consensys.net//diligence/audits/2023/05/tidal/,Critical finding imported as metadata; review original source before promotion.
SCF-0079,InfinityPool Contract Authorization Bypass Attack,Critical,audit_finding,candidate,Smart Contract VulnDB,/diligence/audits/2023/04/glif-filecoin-infinitypool/,,,,,,,secondary,https://consensys.net//diligence/audits/2023/04/glif-filecoin-infinitypool/,Critical finding imported as metadata; review original source before promotion.
SCF-0080,Oracle's `_sanityCheck` for prices will not work with slashing,Critical,audit_finding,candidate,Smart Contract VulnDB,/diligence/audits/2022/11/geodefi/,,,,,,,secondary,https://consensys.net//diligence/audits/2022/11/geodefi/,Critical finding imported as metadata; review original source before promotion.
SCF-0081,Multiple calculation mistakes in the `_findPricesClearBuffer` function,Critical,audit_finding,candidate,Smart Contract VulnDB,/diligence/audits/2022/11/geodefi/,,,,,,,secondary,https://consensys.net//diligence/audits/2022/11/geodefi/,Critical finding imported as metadata; review original source before promotion.
SCF-0082,6.1 Adjusted Bias Measured Possibly Too Late,Critical,audit_finding,candidate,Smart Contract VulnDB,ChainSecurity/Smart-Contract-Audit_StakeDao_Bribe_Platform_-ChainSecurity.pdf,,,,,,,secondary,https://chainsecurity.com/wp-content/uploads/2023/03/Smart-Contract-Audit_StakeDao_Bribe_Platform_-ChainSecurity.pdf,Critical finding imported as metadata; review original source before promotion.
SCF-0083,6.1 Signatures Are Valid for Any Address,Critical,audit_finding,candidate,Smart Contract VulnDB,ChainSecurity/Polymarket-Exchange-Smart-Contract-audit-by-ChainSecurity-1.pdf,,,,,,,secondary,https://chainsecurity.com/wp-content/uploads/2023/01/Polymarket-Exchange-Smart-Contract-audit-by-ChainSecurity-1.pdf,Critical finding imported as metadata; review original source before promotion.
SCF-0084,6.2 ORDER_TYPEHASH Is Incorrect,Critical,audit_finding,candidate,Smart Contract VulnDB,ChainSecurity/Polymarket-Exchange-Smart-Contract-audit-by-ChainSecurity-1.pdf,,,,,,,secondary,https://chainsecurity.com/wp-content/uploads/2023/01/Polymarket-Exchange-Smart-Contract-audit-by-ChainSecurity-1.pdf,Critical finding imported as metadata; review original source before promotion.
SCF-0085,6.1 LPYCRV Outputs Not Transferred to User,Critical,audit_finding,candidate,Smart Contract VulnDB,ChainSecurity/ChainSecurity_Yearn_yCRV_and_ZapYCRV_audit.pdf,,,,,,,secondary,https://chainsecurity.com/wp-content/uploads/2022/10/ChainSecurity_Yearn_yCRV_and_ZapYCRV_audit.pdf,Critical finding imported as metadata; review original source before promotion.
SCF-0086,6.2 Chainlink Oracle Returns Empty Prices,Critical,audit_finding,candidate,Smart Contract VulnDB,ChainSecurity/ChainSecurity_Mellow_Finance_Mellow_Vaults_audit.pdf,,,,,,,secondary,https://chainsecurity.com/wp-content/uploads/2022/08/ChainSecurity_Mellow_Finance_Mellow_Vaults_audit.pdf,Critical finding imported as metadata; review original source before promotion.
SCF-0087,6.4 Missing Access Control in UniV3Oracle,Critical,audit_finding,candidate,Smart Contract VulnDB,ChainSecurity/ChainSecurity_Mellow_Finance_Mellow_Vaults_audit.pdf,,,,,,,secondary,https://chainsecurity.com/wp-content/uploads/2022/08/ChainSecurity_Mellow_Finance_Mellow_Vaults_audit.pdf,Critical finding imported as metadata; review original source before promotion.
SCF-0088,6.1 Unchecked VaultManager Address,Critical,audit_finding,candidate,Smart Contract VulnDB,ChainSecurity/ChainSecurity_Angle_Angle_Borrowing_Module_audit.pdf,,,,,,,secondary,https://chainsecurity.com/wp-content/uploads/2022/05/ChainSecurity_Angle_Angle_Borrowing_Module_audit.pdf,Critical finding imported as metadata; review original source before promotion.
SCF-0089,7.1 Draining All Ether Provisions of Mangrove,Critical,audit_finding,candidate,Smart Contract VulnDB,ChainSecurity/ChainSecurity_Giry_Mangrove_audit_220511.pdf,,,,,,,secondary,https://chainsecurity.com/wp-content/uploads/2022/03/ChainSecurity_Giry_Mangrove_audit_220511.pdf,Critical finding imported as metadata; review original source before promotion.
SCF-0090,6.1 Unprotected Escrow Funds,Critical,audit_finding,candidate,Smart Contract VulnDB,ChainSecurity/ChainSecurity_MakerDAO_StarkNet-DAI-Bridge_audit.pdf,,,,,,,secondary,https://chainsecurity.com/wp-content/uploads/2021/12/ChainSecurity_MakerDAO_StarkNet-DAI-Bridge_audit.pdf,Critical finding imported as metadata; review original source before promotion.
SCF-0091,6.1 Anyone Can Disable TUSD Market,Critical,audit_finding,candidate,Smart Contract VulnDB,ChainSecurity/ChainSecurity_Compound_cToken_audit.pdf,,,,,,,secondary,https://chainsecurity.com/wp-content/uploads/2021/12/ChainSecurity_Compound_cToken_audit.pdf,Critical finding imported as metadata; review original source before promotion.
SCF-0092,6.1 onTokenTransfer Wrong Accounting,Critical,audit_finding,candidate,Smart Contract VulnDB,ChainSecurity/ChainSecurity_POA_Network_SBC_Deposit_Smart-Contract-audit_-October-1st-2021.pdf,,,,,,,secondary,https://chainsecurity.com/wp-content/uploads/2021/10/ChainSecurity_POA_Network_SBC_Deposit_Smart-Contract-audit_-October-1st-2021.pdf,Critical finding imported as metadata; review original source before promotion.
SCF-0093,6.1 Reentrancy Can Drain Money,Critical,audit_finding,candidate,Smart Contract VulnDB,ChainSecurity/ChainSecurity_HOPRNet_Payment_Channel_audit.pdf,,,,,,,secondary,https://chainsecurity.com/wp-content/uploads/2021/10/ChainSecurity_HOPRNet_Payment_Channel_audit.pdf,Critical finding imported as metadata; review original source before promotion.
SCF-0094,6.2 CurvePriveProvider Uses the Spot Price,Critical,audit_finding,candidate,Smart Contract VulnDB,ChainSecurity/Smart-Contract-Audit-Silo_Finance_Curve__Convex_Feature-ChainSecurity.pdf,,,,,,,secondary,https://chainsecurity.com/wp-content/uploads/2023/04/Smart-Contract-Audit-Silo_Finance_Curve__Convex_Feature-ChainSecurity.pdf,Critical finding imported as metadata; review original source before promotion.
SCF-0095,6.1 Outdated Interfaces,Critical,audit_finding,candidate,Smart Contract VulnDB,ChainSecurity/ChainSecurity_MakerDAO_zkSync_DAI_Bridge_audit.pdf,,,,,,,secondary,https://chainsecurity.com/wp-content/uploads/2023/08/ChainSecurity_MakerDAO_zkSync_DAI_Bridge_audit.pdf,Critical finding imported as metadata; review original source before promotion.
SCF-0096,Slashing mechanism grants exponentially more rewards than expected,Critical,audit_finding,candidate,Smart Contract VulnDB,OpenZeppelin/uma-dvm-2-0-audit,,,,,,,secondary,https://blog.openzeppelin.com/uma-dvm-2-0-audit/,Critical finding imported as metadata; review original source before promotion.
SCF-0097,Operators are implicitly trusted,Critical,audit_finding,candidate,Smart Contract VulnDB,OpenZeppelin/freeverse-audit,,,,,,,secondary,https://blog.openzeppelin.com/freeverse-audit/,Critical finding imported as metadata; review original source before promotion.
SCF-0098,Slow relays on multiple chains,Critical,audit_finding,candidate,Smart Contract VulnDB,OpenZeppelin/uma-across-v2-audit,,,,,,,secondary,https://blog.openzeppelin.com/uma-across-v2-audit/,Critical finding imported as metadata; review original source before promotion.
SCF-0099,\[C01\] Deposit manipulation \[core\],Critical,audit_finding,candidate,Smart Contract VulnDB,OpenZeppelin/eth-foundation-account-abstraction-audit,,,,,,,secondary,https://blog.openzeppelin.com/eth-foundation-account-abstraction-audit/,Critical finding imported as metadata; review original source before promotion.
SCF-0100,Anyone can steal money from other suppliers in TUSD market by creating negative interest rates,Critical,audit_finding,candidate,Smart Contract VulnDB,OpenZeppelin/compound-comprehensive-protocol-audit,,,,,,,secondary,https://blog.openzeppelin.com/compound-comprehensive-protocol-audit/,Critical finding imported as metadata; review original source before promotion.
SCF-0101,Context,Critical,audit_finding,candidate,Smart Contract VulnDB,OpenZeppelin/compound-comprehensive-protocol-audit,,,,,,,secondary,https://blog.openzeppelin.com/compound-comprehensive-protocol-audit/,Critical finding imported as metadata; review original source before promotion.
SCF-0102,The TUSD market case,Critical,audit_finding,candidate,Smart Contract VulnDB,OpenZeppelin/compound-comprehensive-protocol-audit,,,,,,,secondary,https://blog.openzeppelin.com/compound-comprehensive-protocol-audit/,Critical finding imported as metadata; review original source before promotion.
SCF-0103,\[C01\] Cannot dispute invalid reward,Critical,audit_finding,candidate,Smart Contract VulnDB,OpenZeppelin/uma-audit-phase-6,,,,,,,secondary,https://blog.openzeppelin.com/uma-audit-phase-6/,Critical finding imported as metadata; review original source before promotion.
SCF-0104,\[C02\] Repeatedly resolve proposals,Critical,audit_finding,candidate,Smart Contract VulnDB,OpenZeppelin/uma-audit-phase-6,,,,,,,secondary,https://blog.openzeppelin.com/uma-audit-phase-6/,Critical finding imported as metadata; review original source before promotion.
SCF-0105,\[C01\] Trapped Proposer Reward,Critical,audit_finding,candidate,Smart Contract VulnDB,OpenZeppelin/uma-audit-l2-bridges,,,,,,,secondary,https://blog.openzeppelin.com/uma-audit-l2-bridges/,Critical finding imported as metadata; review original source before promotion.
SCF-0106,[](https://github.com/alexbehrens/optimismc01-possible-state-manipulation-after-execution-of-transactions-with-invalid-gas-limit)\[C01\] Possible state manipulation after execution of transactions with invalid gas limit,Critical,audit_finding,candidate,Smart Contract VulnDB,OpenZeppelin/optimism-smart-contracts-audit,,,,,,,secondary,https://blog.openzeppelin.com/optimism-smart-contracts-audit/,Critical finding imported as metadata; review original source before promotion.
SCF-0107,[](https://github.com/alexbehrens/optimismc02-partially-shared-keys-with-extension-nodes-mishandled)\[C02\] Partially shared keys with EXTENSION nodes mishandled,Critical,audit_finding,candidate,Smart Contract VulnDB,OpenZeppelin/optimism-smart-contracts-audit,,,,,,,secondary,https://blog.openzeppelin.com/optimism-smart-contracts-audit/,Critical finding imported as metadata; review original source before promotion.
SCF-0108,[](https://github.com/alexbehrens/optimismc03-unbounded-nuisance-gas)\[C03\] Unbounded nuisance gas,Critical,audit_finding,candidate,Smart Contract VulnDB,OpenZeppelin/optimism-smart-contracts-audit,,,,,,,secondary,https://blog.openzeppelin.com/optimism-smart-contracts-audit/,Critical finding imported as metadata; review original source before promotion.
SCF-0109,[](https://github.com/alexbehrens/optimismc04-valid-l1-to-l2-queue-transactions-may-be-proven-fraudulent-spoofing-queue-origin)\[C04\] Valid L1-to-L2 queue transactions may be proven fraudulent spoofing queue origin,Critical,audit_finding,candidate,Smart Contract VulnDB,OpenZeppelin/optimism-smart-contracts-audit,,,,,,,secondary,https://blog.openzeppelin.com/optimism-smart-contracts-audit/,Critical finding imported as metadata; review original source before promotion.
SCF-0110,\[C01\] Attacker can steal a portion of the reward tokens and accrued yield,Critical,audit_finding,candidate,Smart Contract VulnDB,OpenZeppelin/origin-dollar-audit,,,,,,,secondary,https://blog.openzeppelin.com/origin-dollar-audit/,Critical finding imported as metadata; review original source before promotion.
SCF-0111,\[C01\] Instant withdrawals can disable essential vault functionality,Critical,audit_finding,candidate,Smart Contract VulnDB,OpenZeppelin/ribbon-finance-audit,,,,,,,secondary,https://blog.openzeppelin.com/ribbon-finance-audit/,Critical finding imported as metadata; review original source before promotion.
SCF-0112,\[C01\] Protocol does not support token decimals,Critical,audit_finding,candidate,Smart Contract VulnDB,OpenZeppelin/fei-audit-2,,,,,,,secondary,https://blog.openzeppelin.com/fei-audit-2/,Critical finding imported as metadata; review original source before promotion.
SCF-0113,Exchanging FEI on the `ReserveStabilizer`,Critical,audit_finding,candidate,Smart Contract VulnDB,OpenZeppelin/fei-audit-2,,,,,,,secondary,https://blog.openzeppelin.com/fei-audit-2/,Critical finding imported as metadata; review original source before promotion.
SCF-0114,Purchasing on the `BondingCurve`,Critical,audit_finding,candidate,Smart Contract VulnDB,OpenZeppelin/fei-audit-2,,,,,,,secondary,https://blog.openzeppelin.com/fei-audit-2/,Critical finding imported as metadata; review original source before promotion.
SCF-0115,Other examples,Critical,audit_finding,candidate,Smart Contract VulnDB,OpenZeppelin/fei-audit-2,,,,,,,secondary,https://blog.openzeppelin.com/fei-audit-2/,Critical finding imported as metadata; review original source before promotion.
SCF-0116,\[C01\] Protocol allows non-existent loanable value as Senior Bond gain,Critical,audit_finding,candidate,Smart Contract VulnDB,OpenZeppelin/barnbridge-smart-yield-bonds-audit,,,,,,,secondary,https://blog.openzeppelin.com/barnbridge-smart-yield-bonds-audit/,Critical finding imported as metadata; review original source before promotion.
SCF-0117,\[C01\] Anyone can steal all the `TRIBE` tokens from the reward pool,Critical,audit_finding,candidate,Smart Contract VulnDB,OpenZeppelin/fei-protocol-audit,,,,,,,secondary,https://blog.openzeppelin.com/fei-protocol-audit/,Critical finding imported as metadata; review original source before promotion.
SCF-0118,\[C02\] ETH can get stuck in the `GenesisGroup` contract,Critical,audit_finding,candidate,Smart Contract VulnDB,OpenZeppelin/fei-protocol-audit,,,,,,,secondary,https://blog.openzeppelin.com/fei-protocol-audit/,Critical finding imported as metadata; review original source before promotion.
SCF-0119,\[C03\] Anyone can partially bypass the `FEI` sell penalty to earn a profit,Critical,audit_finding,candidate,Smart Contract VulnDB,OpenZeppelin/fei-protocol-audit,,,,,,,secondary,https://blog.openzeppelin.com/fei-protocol-audit/,Critical finding imported as metadata; review original source before promotion.
SCF-0120,\[C04\] Users can claim unreleased rewards or have their funds locked,Critical,audit_finding,candidate,Smart Contract VulnDB,OpenZeppelin/fei-protocol-audit,,,,,,,secondary,https://blog.openzeppelin.com/fei-protocol-audit/,Critical finding imported as metadata; review original source before promotion.
SCF-0121,\[C05\] Anyone with enough liquidity to reach the `maxGenesisPrice` can make profit from genesis,Critical,audit_finding,candidate,Smart Contract VulnDB,OpenZeppelin/fei-protocol-audit,,,,,,,secondary,https://blog.openzeppelin.com/fei-protocol-audit/,Critical finding imported as metadata; review original source before promotion.
SCF-0122,\[C01\]\[Fixed\] An attacker can steal all the collateral assets,Critical,audit_finding,candidate,Smart Contract VulnDB,OpenZeppelin/opyn-gamma-protocol-audit,,,,,,,secondary,https://blog.openzeppelin.com/opyn-gamma-protocol-audit/,Critical finding imported as metadata; review original source before promotion.
SCF-0123,\[C01\] Miscalculation of payout in `settle`,Critical,audit_finding,candidate,Smart Contract VulnDB,OpenZeppelin/mcdex-mai-fund-protocol-audit,,,,,,,secondary,https://blog.openzeppelin.com/mcdex-mai-fund-protocol-audit/,Critical finding imported as metadata; review original source before promotion.
SCF-0124,\[C01\] Governance restrictions can be bypassed,Critical,audit_finding,candidate,Smart Contract VulnDB,OpenZeppelin/endaoment-audit,,,,,,,secondary,https://blog.openzeppelin.com/endaoment-audit/,Critical finding imported as metadata; review original source before promotion.
SCF-0125,\[C02\] Fees are wrongly calculated,Critical,audit_finding,candidate,Smart Contract VulnDB,OpenZeppelin/endaoment-audit,,,,,,,secondary,https://blog.openzeppelin.com/endaoment-audit/,Critical finding imported as metadata; review original source before promotion.
SCF-0126,\[C01\] A malicious delegator can permanently lock all stake and rewards for a victim service provider and all of its honest delegators,Critical,audit_finding,candidate,Smart Contract VulnDB,OpenZeppelin/audius-contracts-audit,,,,,,,secondary,https://blog.openzeppelin.com/audius-contracts-audit/,Critical finding imported as metadata; review original source before promotion.
SCF-0127,\[C02\] Updating or removing a service type causes critical accounting errors,Critical,audit_finding,candidate,Smart Contract VulnDB,OpenZeppelin/audius-contracts-audit,,,,,,,secondary,https://blog.openzeppelin.com/audius-contracts-audit/,Critical finding imported as metadata; review original source before promotion.
SCF-0128,\[C03\] Proxy admin doesn’t entirely cede upgrade control to governance address,Critical,audit_finding,candidate,Smart Contract VulnDB,OpenZeppelin/audius-contracts-audit,,,,,,,secondary,https://blog.openzeppelin.com/audius-contracts-audit/,Critical finding imported as metadata; review original source before promotion.
SCF-0129,\[C01\] Anyone can steal funds from the Option contract before they are used,Critical,audit_finding,candidate,Smart Contract VulnDB,OpenZeppelin/primitive-audit,,,,,,,secondary,https://blog.openzeppelin.com/primitive-audit/,Critical finding imported as metadata; review original source before promotion.
SCF-0130,\[C02\] Issued options might not be backed by underlying assets,Critical,audit_finding,candidate,Smart Contract VulnDB,OpenZeppelin/primitive-audit,,,,,,,secondary,https://blog.openzeppelin.com/primitive-audit/,Critical finding imported as metadata; review original source before promotion.
SCF-0131,\[C03\] Deposited funds can be stolen or lost due to transaction ordering,Critical,audit_finding,candidate,Smart Contract VulnDB,OpenZeppelin/primitive-audit,,,,,,,secondary,https://blog.openzeppelin.com/primitive-audit/,Critical finding imported as metadata; review original source before promotion.
SCF-0132,\[C01\] Anyone can liquidate on behalf of another account,Critical,audit_finding,candidate,Smart Contract VulnDB,OpenZeppelin/mcdex-mai-protocol-audit,,,,,,,secondary,https://blog.openzeppelin.com/mcdex-mai-protocol-audit/,Critical finding imported as metadata; review original source before promotion.
SCF-0133,\[C02\] Orders cannot be cancelled,Critical,audit_finding,candidate,Smart Contract VulnDB,OpenZeppelin/mcdex-mai-protocol-audit,,,,,,,secondary,https://blog.openzeppelin.com/mcdex-mai-protocol-audit/,Critical finding imported as metadata; review original source before promotion.
SCF-0134,\[C01\] Supply is manipulable,Critical,audit_finding,candidate,Smart Contract VulnDB,OpenZeppelin/pooltogether-pods-audit,,,,,,,secondary,https://blog.openzeppelin.com/pooltogether-pods-audit/,Critical finding imported as metadata; review original source before promotion.
SCF-0135,\[C01\] Anyone can register backdoored wallets for any owner in GnosisSafeRegistry contract,Critical,audit_finding,candidate,Smart Contract VulnDB,OpenZeppelin/augur-core-v2-audit-components,,,,,,,secondary,https://blog.openzeppelin.com/augur-core-v2-audit-components/,Critical finding imported as metadata; review original source before promotion.
SCF-0136,\[C01\] All CASH tokens approved to Augur can be emptied,Critical,audit_finding,candidate,Smart Contract VulnDB,OpenZeppelin/augur-core-v2-audit,,,,,,,secondary,https://blog.openzeppelin.com/augur-core-v2-audit/,Critical finding imported as metadata; review original source before promotion.
SCF-0137,**\[C02\] CASH tokens can be stolen from the Market contract**,Critical,audit_finding,candidate,Smart Contract VulnDB,OpenZeppelin/augur-core-v2-audit,,,,,,,secondary,https://blog.openzeppelin.com/augur-core-v2-audit/,Critical finding imported as metadata; review original source before promotion.
SCF-0138,\[C03\] Anyone can remove all market’s dispute crowdsourcers,Critical,audit_finding,candidate,Smart Contract VulnDB,OpenZeppelin/augur-core-v2-audit,,,,,,,secondary,https://blog.openzeppelin.com/augur-core-v2-audit/,Critical finding imported as metadata; review original source before promotion.
SCF-0139,\[C04\] DisputeCrowdsourcer contract does not allow for the purchase of overload tokens once its size is filled,Critical,audit_finding,candidate,Smart Contract VulnDB,OpenZeppelin/augur-core-v2-audit,,,,,,,secondary,https://blog.openzeppelin.com/augur-core-v2-audit/,Critical finding imported as metadata; review original source before promotion.
SCF-0140,\[C05\] Unfillable orders can be placed to constrain or halt markets,Critical,audit_finding,candidate,Smart Contract VulnDB,OpenZeppelin/augur-core-v2-audit,,,,,,,secondary,https://blog.openzeppelin.com/augur-core-v2-audit/,Critical finding imported as metadata; review original source before promotion.
SCF-0141,"\[C06\] Affiliate’s fees can be withdrawn in an invalid, finalized Market",Critical,audit_finding,candidate,Smart Contract VulnDB,OpenZeppelin/augur-core-v2-audit,,,,,,,secondary,https://blog.openzeppelin.com/augur-core-v2-audit/,Critical finding imported as metadata; review original source before promotion.
SCF-0142,\[C07\] All dispute bonds can be held hostage or permanently frozen when a Market is in a forking universe,Critical,audit_finding,candidate,Smart Contract VulnDB,OpenZeppelin/augur-core-v2-audit,,,,,,,secondary,https://blog.openzeppelin.com/augur-core-v2-audit/,Critical finding imported as metadata; review original source before promotion.
SCF-0143,\[C08\] Fork reputation goal threshold can be decreased during fork,Critical,audit_finding,candidate,Smart Contract VulnDB,OpenZeppelin/augur-core-v2-audit,,,,,,,secondary,https://blog.openzeppelin.com/augur-core-v2-audit/,Critical finding imported as metadata; review original source before promotion.
SCF-0144,\[C01\]\[Fixed\] Malicious users could steal from the OptionsContract contract,Critical,audit_finding,candidate,Smart Contract VulnDB,OpenZeppelin/opyn-contracts-audit,,,,,,,secondary,https://blog.openzeppelin.com/opyn-contracts-audit/,Critical finding imported as metadata; review original source before promotion.
SCF-0145,\[C01\] Users can steal funds,Critical,audit_finding,candidate,Smart Contract VulnDB,OpenZeppelin/aave-protocol-audit,,,,,,,secondary,https://blog.openzeppelin.com/aave-protocol-audit/,Critical finding imported as metadata; review original source before promotion.
SCF-0146,\[C02\] Borrowers can avoid liquidation,Critical,audit_finding,candidate,Smart Contract VulnDB,OpenZeppelin/aave-protocol-audit,,,,,,,secondary,https://blog.openzeppelin.com/aave-protocol-audit/,Critical finding imported as metadata; review original source before promotion.
SCF-0147,\[C03\] Deposits not marked as collateral can still be liquidated,Critical,audit_finding,candidate,Smart Contract VulnDB,OpenZeppelin/aave-protocol-audit,,,,,,,secondary,https://blog.openzeppelin.com/aave-protocol-audit/,Critical finding imported as metadata; review original source before promotion.
SCF-0148,\[C04\] Rogue borrower can manipulate other account’s borrow balance,Critical,audit_finding,candidate,Smart Contract VulnDB,OpenZeppelin/aave-protocol-audit,,,,,,,secondary,https://blog.openzeppelin.com/aave-protocol-audit/,Critical finding imported as metadata; review original source before promotion.
SCF-0149,\[C05\] Loans of Ether cannot be repaid,Critical,audit_finding,candidate,Smart Contract VulnDB,OpenZeppelin/aave-protocol-audit,,,,,,,secondary,https://blog.openzeppelin.com/aave-protocol-audit/,Critical finding imported as metadata; review original source before promotion.
SCF-0150,Critical,Critical,audit_finding,candidate,Smart Contract VulnDB,OpenZeppelin/eco-contracts-audit,,,,,,,secondary,https://blog.openzeppelin.com/eco-contracts-audit/,Critical finding imported as metadata; review original source before promotion.
SCF-0151,\[C01\] Any Selected Validator can Permanently DoS Reward Payouts,Critical,audit_finding,candidate,Smart Contract VulnDB,OpenZeppelin/props-rewards-engine-contracts-audit,,,,,,,secondary,https://blog.openzeppelin.com/props-rewards-engine-contracts-audit/,Critical finding imported as metadata; review original source before promotion.
SCF-0152,Anybody can mint DebtToken,Critical,audit_finding,candidate,Smart Contract VulnDB,OpenZeppelin/dharma-audit-2f1386455688,,,,,,,secondary,https://blog.openzeppelin.com/dharma-audit-2f1386455688/,Critical finding imported as metadata; review original source before promotion.
SCF-0153,"Centralized issuance, requires trust in US government",Critical,audit_finding,candidate,Smart Contract VulnDB,OpenZeppelin/us-dollar-audit-90dbcbb0258f,,,,,,,secondary,https://blog.openzeppelin.com/us-dollar-audit-90dbcbb0258f/,Critical finding imported as metadata; review original source before promotion.
SCF-0154,Not backed by any physical asset,Critical,audit_finding,candidate,Smart Contract VulnDB,OpenZeppelin/us-dollar-audit-90dbcbb0258f,,,,,,,secondary,https://blog.openzeppelin.com/us-dollar-audit-90dbcbb0258f/,Critical finding imported as metadata; review original source before promotion.
SCF-0155,Tokens burning breaks MigrationAgent contract,Critical,audit_finding,candidate,Smart Contract VulnDB,OpenZeppelin/qiibee-token-audit-b19c03262f99,,,,,,,secondary,https://blog.openzeppelin.com/qiibee-token-audit-b19c03262f99/,Critical finding imported as metadata; review original source before promotion.
SCF-0156,Migration bypasses vesting restrictions,Critical,audit_finding,candidate,Smart Contract VulnDB,OpenZeppelin/qiibee-token-audit-b19c03262f99,,,,,,,secondary,https://blog.openzeppelin.com/qiibee-token-audit-b19c03262f99/,Critical finding imported as metadata; review original source before promotion.
SCF-0157,Unbounded loops,Critical,audit_finding,candidate,Smart Contract VulnDB,OpenZeppelin/fiinu-token-audit-c62ecbf63ad1,,,,,,,secondary,https://blog.openzeppelin.com/fiinu-token-audit-c62ecbf63ad1/,Critical finding imported as metadata; review original source before promotion.
SCF-0158,Delayed price increase after target amount raised,Critical,audit_finding,candidate,Smart Contract VulnDB,OpenZeppelin/fiinu-token-audit-c62ecbf63ad1,,,,,,,secondary,https://blog.openzeppelin.com/fiinu-token-audit-c62ecbf63ad1/,Critical finding imported as metadata; review original source before promotion.
SCF-0159,Team can circumvent refund restriction,Critical,audit_finding,candidate,Smart Contract VulnDB,OpenZeppelin/global-messaging-token-audit-865e6a821cd8,,,,,,,secondary,https://blog.openzeppelin.com/global-messaging-token-audit-865e6a821cd8/,Critical finding imported as metadata; review original source before promotion.
SCF-0160,Leftover presale supply can be left unrecoverable,Critical,audit_finding,candidate,Smart Contract VulnDB,OpenZeppelin/fuel-token-audit-30cc02f257f5,,,,,,,secondary,https://blog.openzeppelin.com/fuel-token-audit-30cc02f257f5/,Critical finding imported as metadata; review original source before promotion.
SCF-0161,Revoking a vesting grant takes vested tokens away,Critical,audit_finding,candidate,Smart Contract VulnDB,OpenZeppelin/kin-token-audit-121788c06fe,,,,,,,secondary,https://blog.openzeppelin.com/kin-token-audit-121788c06fe/,Critical finding imported as metadata; review original source before promotion.
SCF-0162,Useless Assertion Check,Critical,audit_finding,candidate,Smart Contract VulnDB,OpenZeppelin/zksync-bootloader-audit-report,,,,,,,secondary,https://blog.openzeppelin.com/zksync-bootloader-audit-report/,Critical finding imported as metadata; review original source before promotion.
SCF-0163,Storage collision leads to failure of the system,Critical,audit_finding,candidate,Smart Contract VulnDB,OpenZeppelin/zksync-layer-1-diff-audit,,,,,,,secondary,https://blog.openzeppelin.com/zksync-layer-1-diff-audit/,Critical finding imported as metadata; review original source before promotion.
SCF-0164,DepositQueue can become permanently locked,Critical,audit_finding,candidate,Smart Contract VulnDB,OpenZeppelin/pods-finance-ethereum-volatility-vault-audit-1,,,,,,,secondary,https://blog.openzeppelin.com/pods-finance-ethereum-volatility-vault-audit-1/,Critical finding imported as metadata; review original source before promotion.
SCF-0165,Miscounted assets breaking system invariants,Critical,audit_finding,candidate,Smart Contract VulnDB,OpenZeppelin/pods-finance-ethereum-volatility-vault-audit-1,,,,,,,secondary,https://blog.openzeppelin.com/pods-finance-ethereum-volatility-vault-audit-1/,Critical finding imported as metadata; review original source before promotion.
SCF-0166,The vault can be drained one share at a time,Critical,audit_finding,candidate,Smart Contract VulnDB,OpenZeppelin/pods-finance-ethereum-volatility-vault-audit-1,,,,,,,secondary,https://blog.openzeppelin.com/pods-finance-ethereum-volatility-vault-audit-1/,Critical finding imported as metadata; review original source before promotion.
SCF-0167,**6.1.1 An attacker can freeze all incoming deposits and brick the oracle members' reporting system with,Critical,audit_finding,candidate,Smart Contract VulnDB,spearbit/portfolio,,,,,,,secondary,https://github.com/spearbit/portfolio,Critical finding imported as metadata; review original source before promotion.
SCF-0168,6.1.2 Operators._hasFundableKeysreturnstruefor operators that do not have fundable keys,Critical,audit_finding,candidate,Smart Contract VulnDB,spearbit/portfolio,,,,,,,secondary,https://github.com/spearbit/portfolio,Critical finding imported as metadata; review original source before promotion.
SCF-0169,**6.1.3** OperatorsRegistry._getNextValidatorsFromActiveOperators **can DOS Alluvial staking if there's an,Critical,audit_finding,candidate,Smart Contract VulnDB,spearbit/portfolio,,,,,,,secondary,https://github.com/spearbit/portfolio,Critical finding imported as metadata; review original source before promotion.
SCF-0170,5.1.1 Lack oftransferIdVerification Allows an Attacker to Front-Run Bridge Transfers,Critical,audit_finding,candidate,Smart Contract VulnDB,spearbit/portfolio,,,,,,,secondary,https://github.com/spearbit/portfolio,Critical finding imported as metadata; review original source before promotion.
SCF-0171,5.1.2 Use of spot dex price when repay portal debt leads to sandwich attacks,Critical,audit_finding,candidate,Smart Contract VulnDB,spearbit/portfolio,,,,,,,secondary,https://github.com/spearbit/portfolio,Critical finding imported as metadata; review original source before promotion.
SCF-0172,5.1.3 swapOutallows overwrite of token balance,Critical,audit_finding,candidate,Smart Contract VulnDB,spearbit/portfolio,,,,,,,secondary,https://github.com/spearbit/portfolio,Critical finding imported as metadata; review original source before promotion.
SCF-0173,5.1.4 Use of spot price inSponsorVaultleads to sandwich attack.,Critical,audit_finding,candidate,Smart Contract VulnDB,spearbit/portfolio,,,,,,,secondary,https://github.com/spearbit/portfolio,Critical finding imported as metadata; review original source before promotion.
SCF-0174,5.1.1 Important Balancer fields can be overwritten byEndTime.,Critical,audit_finding,candidate,Smart Contract VulnDB,spearbit/portfolio,,,,,,,secondary,https://github.com/spearbit/portfolio,Critical finding imported as metadata; review original source before promotion.
SCF-0175,5.1.2 sweepfunction should prevent Treasury from withdrawing pool’s BPTs,Critical,audit_finding,candidate,Smart Contract VulnDB,spearbit/portfolio,,,,,,,secondary,https://github.com/spearbit/portfolio,Critical finding imported as metadata; review original source before promotion.
SCF-0176,5.1.1 Wrong P2P exchange rate calculation,Critical,audit_finding,candidate,Smart Contract VulnDB,spearbit/portfolio,,,,,,,secondary,https://github.com/spearbit/portfolio,Critical finding imported as metadata; review original source before promotion.
SCF-0177,5.1.2 MatchingEngineForAave is using the wrong totalSupply in updateBorrowers,Critical,audit_finding,candidate,Smart Contract VulnDB,spearbit/portfolio,,,,,,,secondary,https://github.com/spearbit/portfolio,Critical finding imported as metadata; review original source before promotion.
SCF-0178,5.1.3 RewardsManagerAave does not verify token addresses,Critical,audit_finding,candidate,Smart Contract VulnDB,spearbit/portfolio,,,,,,,secondary,https://github.com/spearbit/portfolio,Critical finding imported as metadata; review original source before promotion.
SCF-0179,**3.1.1 Clones with malicious** extradata **are also considered valid clones**,Critical,audit_finding,candidate,Smart Contract VulnDB,spearbit/portfolio,,,,,,,secondary,https://github.com/spearbit/portfolio,Critical finding imported as metadata; review original source before promotion.
SCF-0180,5.1.1 MintPerpetualYieldTokensfor free by self-transfer,Critical,audit_finding,candidate,Smart Contract VulnDB,spearbit/portfolio,,,,,,,secondary,https://github.com/spearbit/portfolio,Critical finding imported as metadata; review original source before promotion.
SCF-0181,5.1.1 Pool token price is incorrect when there is more than one pending upkeep,Critical,audit_finding,candidate,Smart Contract VulnDB,spearbit/portfolio,,,,,,,secondary,https://github.com/spearbit/portfolio,Critical finding imported as metadata; review original source before promotion.
SCF-0182,**5.1.1** LienToken.transferFrom **does not update a public vault's bookkeeping parameters when a lien is,Critical,audit_finding,candidate,Smart Contract VulnDB,spearbit/portfolio,,,,,,,secondary,https://github.com/spearbit/portfolio,Critical finding imported as metadata; review original source before promotion.
SCF-0183,5.1.3 Collateral owner can steal funds by taking liens while asset is listed for sale on Seaport,Critical,audit_finding,candidate,Smart Contract VulnDB,spearbit/portfolio,,,,,,,secondary,https://github.com/spearbit/portfolio,Critical finding imported as metadata; review original source before promotion.
SCF-0184,5.1.4 validateStack allows any stack to be used with collateral with no liens,Critical,audit_finding,candidate,Smart Contract VulnDB,spearbit/portfolio,,,,,,,secondary,https://github.com/spearbit/portfolio,Critical finding imported as metadata; review original source before promotion.
SCF-0185,5.1.6 Phony signatures can be used to forge any strategy,Critical,audit_finding,candidate,Smart Contract VulnDB,spearbit/portfolio,,,,,,,secondary,https://github.com/spearbit/portfolio,Critical finding imported as metadata; review original source before promotion.
SCF-0186,5.1.1 OrderBook Denial of Service leveraging blacklistable tokens like USDC,Critical,audit_finding,candidate,Smart Contract VulnDB,spearbit/portfolio,,,,,,,secondary,https://github.com/spearbit/portfolio,Critical finding imported as metadata; review original source before promotion.
SCF-0187,**5.1.2 Overflow in** SegmentedSegmentTree,Critical,audit_finding,candidate,Smart Contract VulnDB,spearbit/portfolio,,,,,,,secondary,https://github.com/spearbit/portfolio,Critical finding imported as metadata; review original source before promotion.
SCF-0188,5.1.3 OrderNFT theft due to controlling future and past tokens of same order index,Critical,audit_finding,candidate,Smart Contract VulnDB,spearbit/portfolio,,,,,,,secondary,https://github.com/spearbit/portfolio,Critical finding imported as metadata; review original source before promotion.
SCF-0189,5.1.4 OrderNFT theft due to ambiguoustokenIdencoding/decoding scheme,Critical,audit_finding,candidate,Smart Contract VulnDB,spearbit/portfolio,,,,,,,secondary,https://github.com/spearbit/portfolio,Critical finding imported as metadata; review original source before promotion.
SCF-0190,**7.1.1 A malicious user could DOS a vesting schedule by sending only** 1 wei **of** TLC **to the vesting escrow,Critical,audit_finding,candidate,Smart Contract VulnDB,spearbit/portfolio,,,,,,,secondary,https://github.com/spearbit/portfolio,Critical finding imported as metadata; review original source before promotion.
SCF-0191,5.1.1 The Protocol owner can drain users' currency tokens,Critical,audit_finding,candidate,Smart Contract VulnDB,spearbit/portfolio,,,,,,,secondary,https://github.com/spearbit/portfolio,Critical finding imported as metadata; review original source before promotion.
SCF-0192,"**5.1.1 Side effects of LTV = 0 assets: Morpho's users will not be able to withdraw (collateral and ""pure""",Critical,audit_finding,candidate,Smart Contract VulnDB,spearbit/portfolio,,,,,,,secondary,https://github.com/spearbit/portfolio,Critical finding imported as metadata; review original source before promotion.
SCF-0193,"**5.1.2 Morpho is vulnerable to attackers sending** LTV = 0 **collateral tokens, supply/supplyCollateral, bor-",Critical,audit_finding,candidate,Smart Contract VulnDB,spearbit/portfolio,,,,,,,secondary,https://github.com/spearbit/portfolio,Critical finding imported as metadata; review original source before promotion.
SCF-0194,**5.1.3 Morpho is not correctly handling the asset price in** _getAssetPrice **when** isInEMode == true **but**,Critical,audit_finding,candidate,Smart Contract VulnDB,spearbit/portfolio,,,,,,,secondary,https://github.com/spearbit/portfolio,Critical finding imported as metadata; review original source before promotion.
SCF-0195,5.1.4 Isolated assets are treated as collateral in Morpho,Critical,audit_finding,candidate,Smart Contract VulnDB,spearbit/portfolio,,,,,,,secondary,https://github.com/spearbit/portfolio,Critical finding imported as metadata; review original source before promotion.
SCF-0196,**6.1.1** _pickNextValidatorsToExitFromActiveOperators **uses the wrong index to query stopped validator,Critical,audit_finding,candidate,Smart Contract VulnDB,spearbit/portfolio,,,,,,,secondary,https://github.com/spearbit/portfolio,Critical finding imported as metadata; review original source before promotion.
SCF-0197,6.1.2 Oracles' reports votes are not stored in storage,Critical,audit_finding,candidate,Smart Contract VulnDB,spearbit/portfolio,,,,,,,secondary,https://github.com/spearbit/portfolio,Critical finding imported as metadata; review original source before promotion.
SCF-0198,5.1.1 ThecastApprovalBySigandcastDisapprovalBySigfunctions can revert,Critical,audit_finding,candidate,Smart Contract VulnDB,spearbit/portfolio,,,,,,,secondary,https://github.com/spearbit/portfolio,Critical finding imported as metadata; review original source before promotion.
SCF-0199,5.1.2 ThecastApproval/castDisapprovaldoesn't check ifroleparameter is theapprovalRole,Critical,audit_finding,candidate,Smart Contract VulnDB,spearbit/portfolio,,,,,,,secondary,https://github.com/spearbit/portfolio,Critical finding imported as metadata; review original source before promotion.
SCF-0200,**5.1.1 The extra data (encoded** stack **) provided to advanced orders to** Seaport **are not validated properly,Critical,audit_finding,candidate,Smart Contract VulnDB,spearbit/portfolio,,,,,,,secondary,https://github.com/spearbit/portfolio,Critical finding imported as metadata; review original source before promotion.
SCF-0201,5.1.2 AstariaRouter.liquidate(...)can be called multiple times for an expired lien/stack,Critical,audit_finding,candidate,Smart Contract VulnDB,spearbit/portfolio,,,,,,,secondary,https://github.com/spearbit/portfolio,Critical finding imported as metadata; review original source before promotion.
SCF-0202,5.1.1 Gas calculation frequently uses unchecked free variables,Critical,audit_finding,candidate,Smart Contract VulnDB,spearbit/portfolio,,,,,,,secondary,https://github.com/spearbit/portfolio,Critical finding imported as metadata; review original source before promotion.
SCF-0203,5.1.2 Memory alignment malleability,Critical,audit_finding,candidate,Smart Contract VulnDB,spearbit/portfolio,,,,,,,secondary,https://github.com/spearbit/portfolio,Critical finding imported as metadata; review original source before promotion.
SCF-0204,5.1.3 IncorrectBYTEimplementation,Critical,audit_finding,candidate,Smart Contract VulnDB,spearbit/portfolio,,,,,,,secondary,https://github.com/spearbit/portfolio,Critical finding imported as metadata; review original source before promotion.
SCF-0205,5.1.4 Test failures inVMTests/vmPerformance/loopExp(potential issue inEXP),Critical,audit_finding,candidate,Smart Contract VulnDB,spearbit/portfolio,,,,,,,secondary,https://github.com/spearbit/portfolio,Critical finding imported as metadata; review original source before promotion.
SCF-0206,5.1.5 IncorrectSARimplementation,Critical,audit_finding,candidate,Smart Contract VulnDB,spearbit/portfolio,,,,,,,secondary,https://github.com/spearbit/portfolio,Critical finding imported as metadata; review original source before promotion.
SCF-0207,5.1.6 Insufficient check about division remainder,Critical,audit_finding,candidate,Smart Contract VulnDB,spearbit/portfolio,,,,,,,secondary,https://github.com/spearbit/portfolio,Critical finding imported as metadata; review original source before promotion.
SCF-0208,5.1.7 Underconstrained carry value in the binary state machine,Critical,audit_finding,candidate,Smart Contract VulnDB,spearbit/portfolio,,,,,,,secondary,https://github.com/spearbit/portfolio,Critical finding imported as metadata; review original source before promotion.
SCF-0209,5.1.1 SENDALLzeroes out balance in case receiver equals sender,Critical,audit_finding,candidate,Smart Contract VulnDB,spearbit/portfolio,,,,,,,secondary,https://github.com/spearbit/portfolio,Critical finding imported as metadata; review original source before promotion.
SCF-0210,5.1.2 opCALLDATALOAD/opCALLDATACOPYreading position out of calldata bounds,Critical,audit_finding,candidate,Smart Contract VulnDB,spearbit/portfolio,,,,,,,secondary,https://github.com/spearbit/portfolio,Critical finding imported as metadata; review original source before promotion.
SCF-0211,5.1.3 opJUMP/opJUMPIreading position out of code bounds,Critical,audit_finding,candidate,Smart Contract VulnDB,spearbit/portfolio,,,,,,,secondary,https://github.com/spearbit/portfolio,Critical finding imported as metadata; review original source before promotion.
SCF-0212,5.1.1 Incorrect check for calldata overrun in CALLDATACOPY,Critical,audit_finding,candidate,Smart Contract VulnDB,spearbit/portfolio,,,,,,,secondary,https://github.com/spearbit/portfolio,Critical finding imported as metadata; review original source before promotion.
SCF-0213,"5.1.1 tradingFunctionreturns wrong invariant at bounds, allowing to steal all pool reserves",Critical,audit_finding,candidate,Smart Contract VulnDB,spearbit/portfolio,,,,,,,secondary,https://github.com/spearbit/portfolio,Critical finding imported as metadata; review original source before promotion.
SCF-0214,5.1.1 Protocol fees are double-counted as registry balance and pool reserve,Critical,audit_finding,candidate,Smart Contract VulnDB,spearbit/portfolio,,,,,,,secondary,https://github.com/spearbit/portfolio,Critical finding imported as metadata; review original source before promotion.
SCF-0215,5.1.2 LP fees are in WAD instead of token decimal units,Critical,audit_finding,candidate,Smart Contract VulnDB,spearbit/portfolio,,,,,,,secondary,https://github.com/spearbit/portfolio,Critical finding imported as metadata; review original source before promotion.
SCF-0216,5.1.3 Swaps can be done for free and steal the reserve given large liquidity allocation,Critical,audit_finding,candidate,Smart Contract VulnDB,spearbit/portfolio,,,,,,,secondary,https://github.com/spearbit/portfolio,Critical finding imported as metadata; review original source before promotion.
SCF-0217,5.1.1 Open ports to the internet,Critical,audit_finding,candidate,Smart Contract VulnDB,spearbit/portfolio,,,,,,,secondary,https://github.com/spearbit/portfolio,Critical finding imported as metadata; review original source before promotion.
SCF-0218,5.1.1 msg.senderhas to be un-aliased inL2BlastBridge.finalizeBridgeETHDirect().,Critical,audit_finding,candidate,Smart Contract VulnDB,spearbit/portfolio,,,,,,,secondary,https://github.com/spearbit/portfolio,Critical finding imported as metadata; review original source before promotion.
SCF-0219,5.1.2 L1BlastBridgeuses wrong token order when bridging USD yield tokens,Critical,audit_finding,candidate,Smart Contract VulnDB,spearbit/portfolio,,,,,,,secondary,https://github.com/spearbit/portfolio,Critical finding imported as metadata; review original source before promotion.
SCF-0220,5.1.3 _delegatecall_uint256_arr_arg_returns_uint256wrong calldata encoding,Critical,audit_finding,candidate,Smart Contract VulnDB,spearbit/portfolio,,,,,,,secondary,https://github.com/spearbit/portfolio,Critical finding imported as metadata; review original source before promotion.
SCF-0221,5.1.4 Changing yield fromClaimablecause fund loss,Critical,audit_finding,candidate,Smart Contract VulnDB,spearbit/portfolio,,,,,,,secondary,https://github.com/spearbit/portfolio,Critical finding imported as metadata; review original source before promotion.
SCF-0222,5.1.5 CallingfindCheckpointHints()with_firstIndexas 0 will always revert,Critical,audit_finding,candidate,Smart Contract VulnDB,spearbit/portfolio,,,,,,,secondary,https://github.com/spearbit/portfolio,Critical finding imported as metadata; review original source before promotion.
SCF-0223,5.1.6 Withdrawing discounted ETH from L2 always fails,Critical,audit_finding,candidate,Smart Contract VulnDB,spearbit/portfolio,,,,,,,secondary,https://github.com/spearbit/portfolio,Critical finding imported as metadata; review original source before promotion.
SCF-0224,5.1.7 Fund duplication via ERC20 self-transfer,Critical,audit_finding,candidate,Smart Contract VulnDB,spearbit/portfolio,,,,,,,secondary,https://github.com/spearbit/portfolio,Critical finding imported as metadata; review original source before promotion.
SCF-0225,5.1.8 Message can be passed throughOptimismPortalto maliciously callethYieldManager,Critical,audit_finding,candidate,Smart Contract VulnDB,spearbit/portfolio,,,,,,,secondary,https://github.com/spearbit/portfolio,Critical finding imported as metadata; review original source before promotion.
SCF-0226,5.1.1 Rewardcalculatesearnedincorrectly on each epoch boundary,Critical,audit_finding,candidate,Smart Contract VulnDB,spearbit/portfolio,,,,,,,secondary,https://github.com/spearbit/portfolio,Critical finding imported as metadata; review original source before promotion.
